GRADE,GRADE_TYPE
JDHMC2052A,VAG
JDHMC20BCS,VAG
JDHPP65MSZ,VAG
JDHPP60MEZ,VAG
JDHCG004BC,CG/CR
JDHST52AH0,VAG
JDHPP60MSZ,VAG
JDHCG04ACS,CG/CR
JDHST52AMN,VAG
JDHST52AT0,VAG
JDHCG04ASN,CG/CR
JDHCG04BCA,CG/CR
JDHPP42MSZ,VAG
JDHPP42WSZ,VAG
JDHPP65M1Z,VAG
JDHPP43MMZ,VAG
JDHSG49TCZ,VAG
JDHPP52MSZ,VAG
JDHST420CZ,VAG
JDHPP46MSZ,VAG
JDHWT42AHZ,VAG
JDHCG04BCC,CG/CR
JDHWT43AHZ,VAG
JDHCGO4B1N,CG/CR
JDHST46ILZ,VAG
JDHST46ILA,VAG
JDHST46ILN,VAG
JDHCP41AHN,VAG
JDHPP46M1Z,VAG
JDHST52KLN,VAG
JDHCP41AMN,VAG
JDHCR04AKS,CG/CR
JDHWT43ATZ,VAG
JDHCR04BCN,CG/CR
JDHWT41AH1,VAG
JDHCR04DRZ,CG/CR
JDHST52ALN,VAG
JDHCR04FRZ,CG/CR
JDHRL48ALZ,VAG
JDHRL48AMZ,VAG
JDHSG52TCZ,VAG
JDHSG52TMZ,VAG
JDHWT41ATN,VAG
JDHTR46TCA,VAG
JDHSH41AH2,VAG
JDHTR46TCZ,VAG
JDHCP41ATN,VAG
JDHWT41KLZ,VAG
JDHSH41ALJ,VAG
JDHSH41AKN,VAG
JDHSH41AMJ,VAG
JDHSH41ATZ,VAG
JDHSH41ATN,VAG
JDHST420CE,VAG
JDHWT43AMZ,VAG
JDHST46GLA,VAG
JDHST52AHE,VAG
JDHST52ALE,VAG
JDHST52ATE,VAG
JDHTR38ACN,VAG
JDHCP41ALN,VAG
JDHST52TCZ,VAG
JDHWT41AMN,VAG
JDHST54AT1,VAG
JDHST46GLZ,VAG
JDHSTA9ACN,VAG
JDHTR34ALZ,VAG
JDHTR34ALA,VAG
JDHTR34ATZ,VAG
JDHTR34ALN,VAG
JDHST37CCZ,VAG
JDHSG41GTZ,VAG
JDHCE06GCZ,VAG
JDHWG35ALZ,VAG
JDHTR34ATA,VAG
JDHTR35ALN,VAG
JDHWT41ALN,VAG
JDHSG41GMZ,VAG
JDHSG41GLZ,VAG
JDHSH41AMN,VAG
JDHSH41CLN,VAG
JDHTR38ACE,VAG
JDHSH41ALN,VAG
JDHTR46ACA,VAG
JDHWG29CCZ,VAG
JDHST29BCN,CG/CR
JDHWG29TCZ,VAG
JDHCR04ISZ,VAG
JDHTR46TCN,VAG
JDHST29ACN,CG/CR
JDHWG34ALN,VAG
JDHST29DCN,CG/CR
JDHWG29ACN,CG/CR
JDHCR04SPN,CG/CR
JDHWG34AMN,VAG
JDHWT41AH0,VAG
JDHSH29ALN,CG/CR
JDHCG04BIZ,CG/CR
JDHWT41AHE,VAG
JDHCG04AIZ,CG/CR
JDHCG04B1N,CG/CR
JDHWT41AHN,VAG
JDHCG06BCN,CG/CR
JDHWT41AHZ,VAG
JDHCR04AKZ,CG/CR
JDHCG04BCN,CG/CR
JDHCG04ACZ,CG/CR
JDHWT41ALJ,VAG
JDHCG04ACN,CG/CR
JDHWT41AMA,VAG
JDHCR04ACN,CG/CR
JDHST29EXZ,CG/CR
JDHWT41AME,VAG
JDHCG04ISZ,CG/CR
JDHWT41AMZ,VAG
JDHSH29ALE,CG/CR
JDHWT41AT0,VAG
JDHWT41ATE,VAG
JDHWT41ATZ,VAG
JDHCE05SPZ,CG/CR
JDHCR04ACZ,CG/CR
JDHCR04EXZ,CG/CR
JDHDCR04AKZ,CG/CR
JDHSH41AKZ,VAG
JDHSH41ALZ,VAG
JDHST29ACZ,CG/CR
JDHTR34ATN,VAG
JDHTR35ALZ,VAG
JDHTR46ACZ,VAG
